file name,Timezone (UTC),GameID,aliases,Alt,Masked Troupe name,Path - main,Path - secondary,Path - Former,Role,Sect,Sect - Former,Guild Role,GVG Team,GVG Role,GVG Title,Cohort,Cohort Rank,Master,Disciple Rank,Disciple,Partner,Partner - Former,External,Ext Description,img,cover,WWM Player
avenuex 顾明,UTC-6,1023383798,"顾明, AvenueX",,,Silkbind - Deluge,,Silkbind - Jade,Leader,Raging Tides,"Well of Heaven, Masked Troupe",Leader,[[_Defence]],Healer,Leader,[[_Dramallama Cohort]],Elder,,,"[[cai cai 采采卷耳]], [[weiyun 组玮芸]], [[slightlyspinner]]",[[cai cai 采采卷耳]],,"https://www.youtube.com/@AvenueX123, https://www.youtube.com/@avenuextra","Leaders Drama channel and eXtra channel of her non-drama channel like games, crafts etc",[[avenuex.png]],![[avenuex.png]],true
baoyu 宝玉,UTC+1,2034024007,Baoyu,[[媚璇Meixuan]],,Bellstrike - Splendor,,,DPS,Raging Tides,"Well of Heaven, Silver Needle","Commander, Builder",[[_Jungle]],DPS,Scheming Jester,[[_Dramallama Cohort]],8th Elder brother,[[gnsyiliuba]],Second Disciple,,[[hekapider]],,,,[[baoyu.png]],![[baoyu.png]],true
beef 牛雨瀮,UTC-5,1083606416,beef,[[牛雨冷]],,Stonesplit – Might,Stonesplit - Strength,,Tank,Midnight Blades,"Well of Heaven, Raging Tides, Velvet Shade, Masked Troupe",,[[_Attack]],Tank,,[[_Enchanted Cohort]],Ninth Brother,,,[[看戏的朱陌]],,,,,[[beef.jpg]],![[beef.jpg]],true
cai cai 采采卷耳,,,,,,,,,,,,,[[_Attack]],DPS,,,,,,,,,,,[[caicai.jpg]],![[caicai.jpg]],true
dajhi,UTC-3,1049704837,,,,Bellstrike - Umbra,,,DPS,Velvet Shade,Velvet Shade,Member,[[_Defence]],DPS,,[[_Not Lonely Cohort]],,,,,,,,,[[luanadajhi.png]],![[luanadajhi.png]],true
dongfunbubai,UTC+5,1078411910,"DFBB, DongFanBuBai",,,Bellstrike - Splendor,,Bellstrike - Umbra,DPS,Well of Heaven,"Silver Needle, Velvet Shade, Nine Mortal Ways",Commander,[[_Jungle]],DPS,"Commander, Jungle Ruler, Half-Time Performer",[[_Enchanted Cohort]],8th younger,[[gns]],3rd Discple,None,None,,,,[[guild.png]],,true
ErBaiShi,,,,,,,,"Bamboocut - Dust, Bamboocut - Wind, Bellstrike - Splendor, Bellstrike - Umbra, Silkbind - Deluge, Silkbind - Jade, Stonesplit - Might, Stonesplit - Strength",,,"Well of Heaven, Silver Needle, Raging Tides, Midnight Blades, Nine Mortal Ways, Velvet Shade, Lone Cloud, Masked Troupe, Mohist Hill, Hollow Vale, Inkbound Order",,,,,,,,,,,,,,[[guild.png]],,true
faeonix,UTC-7,1029845419,"Fae, Empress, Queen",[[Faevyrn]],,Bellstrike - Umbra,Silkbind - Deluge,,DPS,Sectless,,Member,[[_Attack]],Healer,,[[_Dramallama Cohort]],Third sister,[[gnsyiliuba]],Fourth Disciple,[[Faevyrn]],[[Faevyrn]],,https://youtube.com/playlist?list=PLEnNFGdlN8hNH9AVnNdDBiWh_alNhF_AA&si=qYjCbBiYfkAjhhOL,,[[faeonix.png]],![[faeonix.png]],true
Faevyrn,,,,,,,,"Bamboocut - Dust, Bamboocut - Wind, Bellstrike - Splendor, Bellstrike - Umbra, Silkbind - Deluge, Silkbind - Jade, Stonesplit - Might, Stonesplit - Strength",,,"Well of Heaven, Silver Needle, Raging Tides, Midnight Blades, Nine Mortal Ways, Velvet Shade, Lone Cloud, Masked Troupe, Mohist Hill, Hollow Vale, Inkbound Order",,,,,,,,,,,,,,[[guild.png]],,true
gleefulboidae,UTC-7,1017819297,SenoraQu,,SenoraQu,Stonesplit - Strength,,,,Masked Troupe,,member,[[_Defence]],DPS,,[[_Not Lonely Cohort]],Fifth Younger Sister,[[lonerexlapis]],,,,,,,[[gns.png]],![[gns.png]],true
gns,UTC-4,1045666560,易留疤,[[gnsyiliuba]],易留疤,Stonesplit - Strength,Stonesplit - Might,,DPS,Nine Mortal Ways,"Silver Needle, Midnight Blades, Masked Troupe, Raging Tides",Vice Master,[[_Attack]],Tank,,[[_Enchanted Cohort]],Great Elder Sister,,,"[[gnsyiliuba]], [[hekapider]], [[dongfunbubai]]",[[gnsyiliuba]],,"https://gns168.github.io/wwm168, https://drive.google.com/drive/folders/1Sc6CyD5s4IBd6f3wq7ReoGLV3wY8SBEH?usp=sharing","Google drive containing guild member profiles, team rosters and offline webpage of guild",[[gns.png]],![[gns2.png]],true
gnsyiliuba,UTC-4,1015699037,168,[[gns]],,Bamboocut - Dust,Silkbind - Deluge,Silkbind - Jade,DPS,Midnight Blades,"Velvet Shade, Well of Heaven, Nine Mortal Ways",,[[_Defence]],Healer,,[[_Dramallama Cohort]],Second younger sister,[[gns]],Eldest Disciple,"[[wuchaang]], [[baoyu 宝玉]], [[nhatthao]], [[faeonix]]",[[gns]],[[tierce]],"https://www.youtube.com/@gns16888, https://youtube.com/playlist?list=PLgAOae7PKAlSOyiS2e1UPsx1wZ-hEohsN&si=dryy24xISxaqnRaa, https://youtube.com/playlist?list=PLgAOae7PKAlR_VcplaN84-ntjZxtfjZe7&si=5ZhSB9X2iSmWi9Hs, https://www.youtube.com/playlist?list=PLgAOae7PKAlT4olR7vtSbfudEHWfODb_s","Unlisted playlist of fightclub and heka martial marital tourney.
Public playlist of fightclub founders and gns/168 play attemps",[[gnsyiliuba.png]],![[gnsyiliuba2.png]],true
gongshangjue,UTC+2,2056718470,GongShangjue,,RedTurtle,Bellstrike - Splendor,Stonesplit - Strength,,DPS,Sectless,"Well of Heaven, Raging Tides, Masked Troupe",member,[[_Jungle]],DPS,,[[_Dramallama Cohort]],9th Younger Brother,[[weiyun 组玮芸]],First Disciple,,,,,,[[gong.png]],![[gong.png]],true
Gottasay (Triad Master),,,,,,,,"Bamboocut - Dust, Bamboocut - Wind, Bellstrike - Splendor, Bellstrike - Umbra, Silkbind - Deluge, Silkbind - Jade, Stonesplit - Might, Stonesplit - Strength",,,"Well of Heaven, Silver Needle, Raging Tides, Midnight Blades, Nine Mortal Ways, Velvet Shade, Lone Cloud, Masked Troupe, Mohist Hill, Hollow Vale, Inkbound Order",,,,,,,,,,,,,,[[guild.png]],,true
Greenmadness,,,,,,,,"Bamboocut - Dust, Bamboocut - Wind, Bellstrike - Splendor, Bellstrike - Umbra, Silkbind - Deluge, Silkbind - Jade, Stonesplit - Might, Stonesplit - Strength",,,"Well of Heaven, Silver Needle, Raging Tides, Midnight Blades, Nine Mortal Ways, Velvet Shade, Lone Cloud, Masked Troupe, Mohist Hill, Hollow Vale, Inkbound Order",,[[_Defence]],DPS,,,,,,,,,,,[[guild.png]],,true
hekapider,UTC-7,1045179371,heka,,,Silkbind - Jade,Bamboocut - Wind,,DPS,Velvet Shade,"Raging Tides, Masked Troupe",Member,[[_Attack]],DPS,,[[_Enchanted Cohort]],Third Sister,[[gns]],Second Disciple,,"[[baoyu 宝玉]], [[weiyun 组玮芸]], [[dongfunbubai]]",,https://drive.google.com/drive/folders/1sH4pfxyiE-KpqNElvMmjSus2ugxxHCp9?usp=drive_link,Link to the fanfiction about Hekapider's harem adventures!,[[hekapider.png]],![[hekapider.png]],true
LaoLongfeng,,,,,,,,"Bamboocut - Dust, Bamboocut - Wind, Bellstrike - Splendor, Bellstrike - Umbra, Silkbind - Deluge, Silkbind - Jade, Stonesplit - Might, Stonesplit - Strength",,,"Well of Heaven, Silver Needle, Raging Tides, Midnight Blades, Nine Mortal Ways, Velvet Shade, Lone Cloud, Masked Troupe, Mohist Hill, Hollow Vale, Inkbound Order",,,,,,,,,,,,,,[[guild.png]],,true
Linlui,,,,,,,,"Bamboocut - Dust, Bamboocut - Wind, Bellstrike - Splendor, Bellstrike - Umbra, Silkbind - Deluge, Silkbind - Jade, Stonesplit - Might, Stonesplit - Strength",,,"Well of Heaven, Silver Needle, Raging Tides, Midnight Blades, Nine Mortal Ways, Velvet Shade, Lone Cloud, Masked Troupe, Mohist Hill, Hollow Vale, Inkbound Order",,[[_Defence]],DPS,,,,,,,,,,,[[guild.png]],,true
lonerexlapis,UTC-5,1082940367,LoneRexLapis,[[prymerex]],,Silkbind - Jade,Stonesplit - Might,,DPS,Midnight Blades,,Commander,[[_Defence]],Tank,Commander,[[_Not Lonely Cohort]],Elder,,,"[[prymerex]], [[gleefulboidae]]",,,"https://www.youtube.com/watch?v=-1czu64NVrc&list=PL4Yiov3Xp-YeI25ZlxiGuISwauB3wQaWV, https://www.youtube.com/watch?v=iGgrvImQtog&list=PL4Yiov3Xp-YcmQKcF9QnB8Wvp5VjMJz_Y",,[[rex.png]],![[rex.png]],true
Mean-Eye,,,,,,,,"Bamboocut - Dust, Bamboocut - Wind, Bellstrike - Splendor, Bellstrike - Umbra, Silkbind - Deluge, Silkbind - Jade, Stonesplit - Might, Stonesplit - Strength",,,"Well of Heaven, Silver Needle, Raging Tides, Midnight Blades, Nine Mortal Ways, Velvet Shade, Lone Cloud, Masked Troupe, Mohist Hill, Hollow Vale, Inkbound Order",,,,,,,,,,,,,,[[guild.png]],,true
meijialin,UTC+6,0039593367,meijialin,,CoyDiva,Bamboocut - Wind,Stonesplit - Strength,,,Nine Mortal Ways,,,[[_Defence]],Healer,,,,,,,,,,,[[meijialin.png]],![[meijialin.png]],true
Melmei (Triad Master),,,,,,,,"Bamboocut - Dust, Bamboocut - Wind, Bellstrike - Splendor, Bellstrike - Umbra, Silkbind - Deluge, Silkbind - Jade, Stonesplit - Might, Stonesplit - Strength",,,"Well of Heaven, Silver Needle, Raging Tides, Midnight Blades, Nine Mortal Ways, Velvet Shade, Lone Cloud, Masked Troupe, Mohist Hill, Hollow Vale, Inkbound Order",,,,,,,,,,,,,,[[guild.png]],,true
MoonHori,,,,,,,,"Bamboocut - Dust, Bamboocut - Wind, Bellstrike - Splendor, Bellstrike - Umbra, Silkbind - Deluge, Silkbind - Jade, Stonesplit - Might, Stonesplit - Strength",,,"Well of Heaven, Silver Needle, Raging Tides, Midnight Blades, Nine Mortal Ways, Velvet Shade, Lone Cloud, Masked Troupe, Mohist Hill, Hollow Vale, Inkbound Order",,,,,,,,,,,,,,[[guild.png]],,true
Morichu,"(EDT) UTC-4, (EST) UTC-5",1058158429,Mori,[[Mean-Eye]],,Stonesplit - Strength,Silkbind - Jade,,DPS,Nine Mortal Ways,,DPS,,,,[[_Enchanted Cohort]],5 Younger Sister,,,[[soulren|soul-ren]],[[soulren|soul-ren]],,,,[[morichu.png]],![[morichu.png]],true
nhatthao,UTC +9.30,4085625047,nhat,,Nyanko,Silkbind - Jade,Bellstrike - Splendor,,DPS,Raging Tides,Masked Troupe,Member,[[_Attack]],DPS,,[[_Enchanted Cohort]],7th,[[gnsyiliuba]],3rd,,,,,,[[nhatthao.jpg]],![[nhatthao.jpg]],true
Nimm-,UTC-4,1072261830,Nimm,,,Silkbind - Jade,Silkbind - Deluge,,DPS,Velvet Shade,,Member,[[_Defence]],Healer,,,,,,,,,,,[[guild.png]],,true
PrimReader,,,,,,,,"Bamboocut - Dust, Bamboocut - Wind, Bellstrike - Splendor, Bellstrike - Umbra, Silkbind - Deluge, Silkbind - Jade, Stonesplit - Might, Stonesplit - Strength",,,"Well of Heaven, Silver Needle, Raging Tides, Midnight Blades, Nine Mortal Ways, Velvet Shade, Lone Cloud, Masked Troupe, Mohist Hill, Hollow Vale, Inkbound Order",,[[_Defence]],DPS,,,,,,,,,,,[[guild.png]],,true
prymerex,,,,,,,,"Bamboocut - Dust, Bamboocut - Wind, Bellstrike - Splendor, Bellstrike - Umbra, Silkbind - Deluge, Silkbind - Jade, Stonesplit - Might, Stonesplit - Strength",,,"Well of Heaven, Silver Needle, Raging Tides, Midnight Blades, Nine Mortal Ways, Velvet Shade, Lone Cloud, Masked Troupe, Mohist Hill, Hollow Vale, Inkbound Order",,[[_Defence]],DPS,,,,,,,,,,,[[guild.png]],,true
slightlyspinner,,,,,,,,"Bamboocut - Dust, Bamboocut - Wind, Bellstrike - Splendor, Bellstrike - Umbra, Silkbind - Deluge, Silkbind - Jade, Stonesplit - Might, Stonesplit - Strength",,,"Well of Heaven, Silver Needle, Raging Tides, Midnight Blades, Nine Mortal Ways, Velvet Shade, Lone Cloud, Masked Troupe, Mohist Hill, Hollow Vale, Inkbound Order",,[[_Defence]],DPS,,,,,,,,,,,[[guild.png]],,true
soulren,"(EDT) UTC-4, (EST) UTC-5.",1072033109,"Soul, Ren, soul-ren, Divine Healer, MVP",,,Silkbind - Deluge,Bellstrike - Splendor,,Healer,Midnight Blades,Well of Heaven,Healer,[[_Defence]],Healer,"Divine healer, Guild Pillar",[[_Enchanted Cohort]],4th Brother,[[Morichu]],Eldest Disciple,,[[Morichu]],,,,[[soulren2.png]],![[soulren2.png]],true
tierce,,,,,,,,"Bamboocut - Dust, Bamboocut - Wind, Bellstrike - Splendor, Bellstrike - Umbra, Silkbind - Deluge, Silkbind - Jade, Stonesplit - Might, Stonesplit - Strength",,,"Well of Heaven, Silver Needle, Raging Tides, Midnight Blades, Nine Mortal Ways, Velvet Shade, Lone Cloud, Masked Troupe, Mohist Hill, Hollow Vale, Inkbound Order",,,,,,,,,,,,,,[[guild.png]],,true
weiyun 组玮芸,UTC+1,2112394246,组玮芸-ZuWeiyun,[[花晨光]],DiRayne,Silkbind - Jade,,null,DPS,Nine Mortal Ways,"Midnight Blades, Masked Troupe, Raging Tides","Commander, Builder",[[_Jungle]],DPS,Jungle Ruler,[[_Dramallama Cohort]],Fourth sister,[[avenuex 顾明]],Second Disciple,"[[gongshangjue]], [[花晨光]], [[MoonHori]]",[[hekapider]],[[花晨光]],https://www.youtube.com/playlist?list=PLnn7mE5mEUpzKD89IrJOA85oZpi2ydsnR,,[[weiyun.png]],![[weiyun.png]],true
wuchaang,,,,,,,,,,,,,[[_Defence]],Tank,,,,,,,,,,,[[guild.png]],,true
Yaegami,,,,,,,,"Bamboocut - Dust, Bamboocut - Wind, Bellstrike - Splendor, Bellstrike - Umbra, Silkbind - Deluge, Silkbind - Jade, Stonesplit - Might, Stonesplit - Strength",,,"Well of Heaven, Silver Needle, Raging Tides, Midnight Blades, Nine Mortal Ways, Velvet Shade, Lone Cloud, Masked Troupe, Mohist Hill, Hollow Vale, Inkbound Order",,,,,,,,,,,,,,[[guild.png]],,true
yibaishi,UTC+2,2015704079,YiBaiShi,[[ErBaiShi]],WhiteJadeFox,Bamboocut - Dust,Silkbind - Deluge,,DPS,Sectless,"Silver Needle, Raging Tides, Velvet Shade, Masked Troupe",Commander,[[_Attack]],Healer,none,[[_Dramallama Cohort]],7th Younger Sister,[[Yaegami]],,"[[Melmei (Triad Master)]], [[Gottasay (Triad Master)]]",[[LaoLongfeng]],,,,[[yibaishi.png]],![[yibaishi.png]],true
媚璇Meixuan,,,,,,,,"Bamboocut - Dust, Bamboocut - Wind, Bellstrike - Splendor, Bellstrike - Umbra, Silkbind - Deluge, Silkbind - Jade, Stonesplit - Might, Stonesplit - Strength",,,"Well of Heaven, Silver Needle, Raging Tides, Midnight Blades, Nine Mortal Ways, Velvet Shade, Lone Cloud, Masked Troupe, Mohist Hill, Hollow Vale, Inkbound Order",,,,,,,,,,,,,,[[guild.png]],,true
小卢宝,UTC+8,3064087407,"Xiao, xiaolubao",,三刀流,Silkbind - Jade,Silkbind - Deluge,,DPS,Masked Troupe,Velvet Shade,,[[_Defence]],Healer,,[[_Not Lonely Cohort]],Second Brother,,,,,,,,[[xiaolubao.jpg]],![[xiaolubao.jpg]],true
牛雨冷,,,,,,,,"Bamboocut - Dust, Bamboocut - Wind, Bellstrike - Splendor, Bellstrike - Umbra, Silkbind - Deluge, Silkbind - Jade, Stonesplit - Might, Stonesplit - Strength",,,"Well of Heaven, Silver Needle, Raging Tides, Midnight Blades, Nine Mortal Ways, Velvet Shade, Lone Cloud, Masked Troupe, Mohist Hill, Hollow Vale, Inkbound Order",,,,,,,,,,,,,,[[guild.png]],,true
看戏的朱陌,,,,,,,,"Bamboocut - Dust, Bamboocut - Wind, Bellstrike - Splendor, Bellstrike - Umbra, Silkbind - Deluge, Silkbind - Jade, Stonesplit - Might, Stonesplit - Strength",,,"Well of Heaven, Silver Needle, Raging Tides, Midnight Blades, Nine Mortal Ways, Velvet Shade, Lone Cloud, Masked Troupe, Mohist Hill, Hollow Vale, Inkbound Order",,,,,,,,,,,,,,[[guild.png]],,true
花晨光,,,,,,,,"Bamboocut - Dust, Bamboocut - Wind, Bellstrike - Splendor, Bellstrike - Umbra, Silkbind - Deluge, Silkbind - Jade, Stonesplit - Might, Stonesplit - Strength",,,"Well of Heaven, Silver Needle, Raging Tides, Midnight Blades, Nine Mortal Ways, Velvet Shade, Lone Cloud, Masked Troupe, Mohist Hill, Hollow Vale, Inkbound Order",,,,,,,,,,,,,,[[guild.png]],,true